parameter,description,value,class,note
zs,太阳轮齿数,17,A 表2-1,
zp,行星轮齿数,37,A 表2-1,
zr,内齿圈齿数,91,A 表2-1,
Np,行星轮数,3,A,
m,模数,5e-3 m,A 表2-1,
alpha,压力角,20 deg,A,基圆直径反推一致
ms,太阳轮质量,20.29 kg,A 表2-1,
mp,行星轮质量,3.91 kg,A 表2-1,
mr,内齿圈质量,59.88 kg,A 表2-1,
mc,行星架质量,57.314 kg,A 表2-1,
Is,太阳轮转动惯量,27049.57 kg·mm2,A 表2-1,
Ip,行星轮转动惯量,22368.33 kg·mm2,A 表2-1,
Ir,内齿圈转动惯量,3853845.79 kg·mm2,A 表2-1,
Ic,行星架转动惯量,776910.239 kg·mm2,A 表2-1,
dbs,太阳轮基圆直径,79.8793 mm,A 表2-1,
dbp,行星轮基圆直径,173.8431 mm,A 表2-1,
dbr,内齿圈基圆直径,427.5601 mm,A 表2-1,
kx_s,太阳轮径向支撑,10 N/um,A 表2-1,
kx_p,行星轮径向支撑,58 N/um,A 表2-1,
kx_r,内齿圈径向支撑,1000 N/um,A 表2-1,
kx_c,行星架径向支撑,195 N/um,A 表2-1,
kt_s,太阳轮扭转支撑,10 N/um(切向),A 表2-1,换算 k*rb^2
kt_r,内齿圈扭转支撑,57.6 N/um(切向),A 表2-1,
kt_c,行星架扭转支撑,10 N/um(切向),A 表2-1,换算用 d=253.7mm
zeta_support,支撑阻尼,0.03,A 表2-1,
zeta_mesh,啮合阻尼比,0.07,A 表2-1,
mu,摩擦系数,0.06,A,
e_av,综合啮合误差,20 um,A 3.4.1,
ns,输入转速,800 r/min,A,
Tout,负载扭矩,50 N·m,A,正文'5500N·mm'为笔误
b_half,无量纲半齿侧隙,3,A,物理值需 b_c(E类)
fm,啮合频率,190.9877 Hz,B,表3-1:191.1
fs,太阳轮故障频率,33.7037 Hz,B,表3-1:33.7
fp,行星轮故障频率,5.1618 Hz,B,表3-1:5.2
fc,行星架转频,2.0988 Hz,B,表3-1:2.1
epsilon_SP,外啮合重合度,1.606133,B,
epsilon_PR,内啮合重合度,1.941805,B,
ha_star,齿顶高系数,1.0,D 标准齿制,
c_star,顶隙系数,0.25,D 标准齿制,
B_face,齿宽,6 mm,D 锁定,"按图3-2量级反推,见敏感性表"
E,弹性模量,206 GPa,D 齿轮钢,
nu,泊松比,0.30,D,
r_int,齿基内径,rf/2,D 实体近似,
fault_tooth_sun,太阳轮故障齿号,15,D,匹配图3-3事件布局
fault_tooth_planet,行星轮故障齿号,15 (行星轮1),D,
bc,无量纲位移标尺,未知,E,论文DTE绝对轴不可映射
